,src,dst
0,0,1
1,0,4
2,0,5
3,0,8
4,0,11
5,0,20
6,0,48
7,0,130
8,0,160
9,0,430
15,1,1
16,1,44
17,1,50
18,1,56
19,1,98
20,1,99
21,1,106
22,1,146
23,1,147
24,1,149
25,1,158
26,1,171
27,1,175
28,1,184
29,1,206
30,1,259
31,1,333
32,1,336
33,1,392
34,1,397
35,1,406
36,1,422
37,1,446
38,1,457
264,2,3
265,3,3
266,3,10
267,3,175
268,3,313
269,3,314
270,3,347
271,3,388
272,3,389
273,3,457
550,5,4
551,5,5
552,5,10
553,5,26
554,5,47
555,5,59
556,5,143
557,5,171
558,5,292
559,5,355
560,5,430
598,6,7
599,7,7
600,8,385
617,9,10
619,10,5
620,10,10
621,10,30
622,10,34
623,10,35
624,10,37
625,10,38
626,10,56
627,10,65
628,10,73
629,10,77
630,10,87
631,10,94
632,10,97
633,10,106
634,10,107
635,10,124
636,10,140
637,10,141
638,10,146
639,10,147
640,10,152
641,10,161
642,10,175
643,10,182
644,10,192
645,10,195
646,10,198
647,10,202
648,10,206
649,10,211
650,10,213
651,10,222
652,10,233
653,10,247
654,10,251
655,10,255
656,10,264
657,10,275
658,10,292
659,10,294
660,10,309
661,10,310
662,10,313
663,10,328
664,10,333
665,10,336
666,10,366
667,10,389
668,10,393
669,10,417
670,10,422
671,10,444
672,10,446
673,10,457
674,10,467
675,10,485
676,10,493
1380,11,11
1381,11,20
1382,11,68
1383,11,86
1384,11,111
1385,11,167
1386,11,192
1387,11,207
1388,11,209
1389,11,240
1390,11,259
1391,11,264
1392,11,292
1393,11,301
1394,11,314
1395,11,333
1396,11,336
1397,11,366
1398,11,479
1471,12,13
1472,14,15
1473,14,20
1474,14,63
1475,14,160
1476,14,254
1478,15,10
1479,15,15
1480,15,292
1481,15,397
1485,16,17
1486,16,175
1575,18,19
1576,19,8
1577,19,19
1578,19,54
1579,19,135
1580,19,222
1581,19,313
1582,19,385
1583,19,389
1670,20,10
1671,20,11
1672,20,20
1673,20,126
1674,20,178
1675,20,182
1676,20,259
1677,20,314
1678,20,315
1679,20,346
1680,20,406
1681,20,435
1682,20,439
1683,20,440
1684,20,447
1685,20,452
1686,20,457
1687,20,497
1804,21,22
1805,22,22
1806,22,127
1807,22,182
1808,22,207
1809,22,227
1810,22,255
1811,22,287
1812,22,314
1813,22,358
1814,22,433
1815,22,446
2207,23,24
2208,23,25
2209,23,26
2210,23,28
2211,23,33
2212,23,40
2213,23,47
2214,23,59
2215,23,60
2216,23,117
2217,23,143
2251,24,24
2252,24,26
2253,24,59
2254,24,104
2255,24,372
2256,24,442
2268,25,25
2272,26,26
2273,26,59
2278,27,25
2279,27,26
2280,27,28
2281,27,47
2282,27,59
2283,27,60
2284,27,143
2302,28,28
2303,28,143
2308,29,30
2309,30,10
2310,30,30
2311,30,47
2312,30,104
2313,30,134
2314,30,135
2315,30,137
2316,30,175
2317,30,200
2318,30,211
2319,30,225
2320,30,248
2321,30,327
2322,30,328
2323,30,333
2324,30,364
2325,30,440
2326,30,446
2505,31,32
2506,32,87
2507,32,356
2508,32,392
2525,33,206
2528,34,10
2529,34,34
2530,34,35
2531,34,83
2532,34,313
2533,34,455
2551,35,10
2552,35,34
2553,35,35
2554,35,83
2555,35,120
2556,35,175
2557,35,222
2558,35,240
2559,35,278
2560,35,283
2561,35,304
2562,35,313
2563,35,314
2564,35,389
2565,35,392
2566,35,439
2567,35,440
2568,35,455
2833,36,37
2834,37,10
2835,37,36
2836,37,37
2837,37,106
2838,37,301
2839,37,425
2964,39,10
2965,40,134
2966,40,289
2967,40,442
2977,41,41
2978,41,42
2979,41,68
2980,41,139
2981,41,233
2982,41,255
2983,41,261
2984,41,289
2985,41,290
2986,41,298
2987,41,314
2988,41,373
2989,41,417
2990,41,431
3311,42,41
3312,42,42
3313,42,233
3319,43,44
3320,44,44
3321,45,46
3322,45,58
3323,46,45
3324,46,46
3325,46,58
3326,46,301
3327,46,444
3328,46,459
3423,47,5
3424,47,30
3425,47,47
3426,47,94
3427,47,111
3442,48,48
3447,49,50
3448,49,240
3450,50,1
3451,50,49
3452,50,50
3453,50,56
3454,50,79
3455,50,99
3456,50,146
3457,50,147
3458,50,149
3459,50,158
3460,50,175
3461,50,192
3462,50,240
3463,50,325
3464,50,333
3465,50,336
3466,50,406
3682,51,52
3683,53,54
3684,53,87
3685,53,207
3686,53,255
3687,54,54
3688,54,135
3689,54,222
3690,54,278
3691,54,283
3692,54,313
3693,54,385
3694,54,401
3695,54,455
3827,55,55
3828,55,56
3829,55,147
3830,55,158
3831,55,192
3832,55,422
3880,56,1
3881,56,10
3882,56,55
3883,56,56
3884,56,99
3885,56,146
3886,56,147
3887,56,158
3888,56,175
3889,56,192
3890,56,256
3891,56,314
3892,56,333
3893,56,336
3894,56,406
3895,56,421
3896,56,422
3897,56,425
3898,56,446
4056,57,58
4057,58,45
4058,58,46
4059,58,58
4060,58,111
4061,58,292
4062,58,402
4063,58,441
4064,58,442
4209,59,10
4210,59,59
4211,59,446
4214,60,26
4215,60,59
4216,60,117
4221,61,58
4222,62,10
4223,62,206
4224,62,306
4225,62,307
4226,63,63
4227,63,146
4228,63,192
4229,63,202
4230,63,203
4231,63,251
4232,63,252
4233,63,275
4234,63,389
4235,63,446
4236,63,471
4237,63,493
4320,64,65
4321,64,66
4323,65,65
4324,65,66
4325,65,79
4326,65,147
4327,65,171
4328,65,184
4329,65,186
4330,65,203
4331,65,207
4332,65,240
4333,65,252
4334,65,256
4335,65,314
4336,65,438
4337,65,466
4338,65,467
4339,65,495
4428,66,65
4429,66,66
4430,66,79
4431,66,126
4432,66,186
4433,66,203
4434,66,314
4435,66,466
4436,66,467
4437,66,495
4529,67,68
4530,68,41
4531,68,67
4532,68,68
4533,68,126
4534,68,175
4535,68,178
4536,68,186
4537,68,192
4538,68,240
4539,68,255
4540,68,261
4541,68,301
4542,68,314
4543,68,326
4544,68,356
4545,68,387
4546,68,393
4547,68,397
4548,68,431
4549,68,433
4550,68,440
4551,68,467
4776,69,10
4777,70,71
4778,70,72
4779,70,280
4780,70,364
4781,70,485
4792,71,372
4793,71,431
4847,72,72
4848,72,285
4849,72,390
4856,74,75
4857,76,20
4858,76,77
4859,76,85
4860,76,86
4861,76,119
4862,76,120
4864,77,10
4919,78,79
4920,79,50
4921,79,79
4922,79,99
4923,79,146
4924,79,147
4925,79,175
4926,79,192
4927,79,333
4928,79,336
4929,79,421
4930,79,422
4931,79,425
5070,80,81
5071,81,10
5072,81,80
5073,81,81
5074,81,215
5225,82,83
5226,83,34
5227,83,35
5228,83,83
5229,83,147
5230,83,192
5231,83,217
5232,83,222
5233,83,228
5234,83,283
5235,83,313
5236,83,314
5237,83,356
5238,83,385
5239,83,389
5240,83,397
5241,83,446
5242,83,455
5243,83,457
5244,83,477
5245,83,497
6156,84,44
6157,86,11
6158,86,86
6159,86,167
6160,86,255
6161,86,256
6162,86,299
6163,86,314
6279,87,10
6280,87,111
6298,88,89
6299,90,91
6300,92,93
6301,92,94
6302,94,25
6303,94,26
6304,94,47
6305,94,59
6306,94,93
6307,94,94
6308,94,116
6309,94,147
6310,94,250
6311,94,430
6338,95,58
6339,96,7
6340,96,97
6341,97,10
6342,97,96
6343,97,97
6344,97,147
6345,97,175
6346,97,186
6347,97,192
6348,97,217
6349,97,240
6350,97,327
6351,97,328
6352,97,397
6353,97,440
6354,97,452
6355,97,467
6356,97,485
6519,98,1
6520,98,99
6523,99,1
6524,99,50
6525,99,56
6526,99,79
6527,99,98
6528,99,146
6529,99,147
6530,99,149
6531,99,158
6532,99,192
6533,99,285
6534,99,333
6535,99,336
6536,99,406
6537,99,446
6626,100,72
6627,101,102
6630,102,102
6678,103,104
6679,104,24
6680,104,30
6681,104,87
6682,104,103
6683,104,104
6684,104,107
6685,104,108
6686,104,111
6687,104,116
6688,104,134
6689,104,135
6690,104,136
6691,104,137
6692,104,138
6693,104,200
6694,104,215
6695,104,217
6696,104,225
6697,104,227
6698,104,240
6699,104,248
6700,104,254
6701,104,264
6702,104,289
6703,104,290
6704,104,298
6705,104,304
6706,104,312
6707,104,323
6708,104,327
6709,104,328
6710,104,332
6711,104,364
6712,104,372
6713,104,373
6714,104,420
7336,105,106
7337,106,1
7338,106,37
7339,106,106
7340,106,146
7341,106,147
7342,106,149
7343,106,158
7344,106,192
7345,106,207
7346,106,287
7347,106,301
7348,106,333
7349,106,336
7350,106,337
7351,106,388
7352,106,406
7353,106,446
7507,107,10
7508,107,104
7509,107,107
7510,107,108
7511,107,111
7512,107,112
7513,107,175
7514,107,182
7515,107,292
7516,107,338
7517,107,364
7518,107,441
7519,107,442
7520,107,462
7730,108,104
7731,108,107
7732,108,111
7733,108,248
7739,109,109
7740,109,110
7741,109,257
7742,109,366
7975,111,111
7976,113,26
7977,113,114
7978,113,115
7979,113,116
7980,113,117
7981,113,118
7982,113,430
7990,114,26
7991,114,59
7993,115,115
7994,115,118
7995,116,26
7996,116,59
7997,116,114
7998,116,116
7999,116,117
8000,116,135
8001,116,138
8002,116,430
8016,118,4
8017,118,5
8018,118,94
8019,118,115
8020,118,116
8021,118,118
8022,118,330
8023,118,430
8060,120,34
8061,120,35
8062,120,85
8063,120,119
8064,120,120
8065,120,217
8066,120,240
8067,120,261
8068,120,332
8069,120,372
8456,121,122
8457,123,102
8460,124,10
8462,125,126
8463,126,20
8464,126,66
8465,126,68
8466,126,125
8467,126,126
8468,126,158
8469,126,207
8470,126,259
8471,126,301
8472,126,336
8473,126,366
8474,126,397
8475,126,441
8476,126,452
8477,126,457
8604,127,22
8605,128,1
8606,129,130
8607,130,48
8608,130,87
8609,130,130
8610,130,135
8611,130,431
8622,131,30
8623,131,328
8626,132,4
8627,132,5
8628,133,104
8629,133,134
8630,133,135
8631,133,136
8632,133,137
8633,133,138
8636,134,30
8637,134,40
8638,134,104
8639,134,134
8640,134,135
8641,134,136
8642,134,137
8643,134,138
8644,134,175
8645,134,200
8646,134,225
8647,134,233
8648,134,248
8649,134,254
8650,134,298
8651,134,327
8652,134,328
8653,134,332
8654,134,364
8655,134,372
8656,134,373
8657,134,431
8658,134,446
8950,135,19
8951,135,30
8952,135,54
8953,135,104
8954,135,116
8955,135,130
8956,135,134
8957,135,135
8958,135,136
8959,135,137
8960,135,138
8961,135,144
8962,135,200
8963,135,225
8964,135,248
8965,135,298
8966,135,304
8967,135,327
8968,135,328
8969,135,364
8970,135,372
8971,135,373
8972,135,431
8973,135,455
9169,136,104
9170,136,134
9171,136,135
9172,136,136
9173,136,137
9174,136,138
9175,136,442
9176,136,446
9260,137,30
9261,137,104
9262,137,133
9263,137,134
9264,137,135
9265,137,136
9266,137,137
9267,137,138
9268,137,200
9269,137,225
9270,137,294
9271,137,431
9272,137,446
9504,138,26
9505,138,30
9506,138,59
9507,138,81
9508,138,104
9509,138,116
9510,138,134
9511,138,135
9512,138,136
9513,138,137
9514,138,138
9515,138,200
9516,138,220
9517,138,225
9518,138,248
9519,138,304
9520,138,338
9521,138,364
9689,139,41
9690,139,140
9695,140,10
9696,140,140
9697,140,292
9698,140,314
9711,141,10
9712,142,143
9713,143,5
9714,143,143
9715,143,165
9716,143,430
9743,144,135
9744,145,146
9745,146,1
9746,146,10
9747,146,44
9748,146,50
9749,146,56
9750,146,63
9751,146,99
9752,146,106
9753,146,146
9754,146,147
9755,146,149
9756,146,158
9757,146,175
9758,146,192
9759,146,195
9760,146,206
9761,146,285
9762,146,333
9763,146,336
9764,146,406
9765,146,422
9766,146,446
9920,147,1
9921,147,10
9922,147,50
9923,147,55
9924,147,56
9925,147,65
9926,147,83
9927,147,94
9928,147,97
9929,147,99
9930,147,106
9931,147,146
9932,147,147
9933,147,148
9934,147,149
9935,147,158
9936,147,171
9937,147,175
9938,147,184
9939,147,192
9940,147,195
9941,147,206
9942,147,211
9943,147,238
9944,147,285
9945,147,314
9946,147,333
9947,147,336
9948,147,406
9949,147,422
9950,147,425
10558,148,147
10559,148,158
10560,148,195
10561,148,406
10562,148,422
10565,149,1
10566,149,50
10567,149,106
10568,149,146
10569,149,147
10570,149,149
10571,149,158
10572,149,171
10573,149,175
10574,149,182
10575,149,184
10576,149,195
10577,149,206
10578,149,252
10579,149,285
10580,149,314
10581,149,336
10582,149,406
10583,149,467
10584,149,493
10819,150,151
10820,151,151
10839,152,10
10840,152,175
10841,152,176
10843,153,154
10844,155,104
10845,155,134
10846,155,135
10847,155,136
10848,155,137
10849,155,138
10854,156,157
10855,158,1
10856,158,50
10857,158,56
10858,158,99
10859,158,106
10860,158,146
10861,158,147
10862,158,148
10863,158,149
10864,158,158
10865,158,175
10866,158,184
10867,158,192
10868,158,195
10869,158,206
10870,158,252
10871,158,285
10872,158,301
10873,158,314
10874,158,333
10875,158,336
10876,158,406
10877,158,422
10878,158,425
10879,158,467
11318,159,160
11319,160,160
11320,160,314
11332,162,163
11333,162,187
11335,163,104
11336,163,287
11350,164,143
11351,165,143
11352,166,167
11353,167,86
11354,167,166
11355,167,167
11356,167,186
11357,167,217
11358,167,240
11359,167,263
11360,167,299
11361,167,301
11362,167,314
11363,167,350
11364,167,372
11365,167,392
11366,167,397
11367,167,435
11368,167,452
11369,167,457
11370,167,459
11371,167,467
11372,167,468
11648,168,169
11649,170,171
11650,171,1
11651,171,5
11652,171,10
11653,171,65
11654,171,66
11655,171,147
11656,171,149
11657,171,171
11658,171,175
11659,171,184
11660,171,330
11661,171,467
11746,172,173
11747,174,173
11748,175,1
11749,175,3
11750,175,10
11751,175,30
11752,175,34
11753,175,35
11754,175,41
11755,175,52
11756,175,56
11757,175,68
11758,175,79
11759,175,97
11760,175,106
11761,175,107
11762,175,134
11763,175,146
11764,175,147
11765,175,149
11766,175,158
11767,175,171
11768,175,175
11769,175,178
11770,175,192
11771,175,195
11772,175,198
11773,175,200
11774,175,206
11775,175,211
11776,175,212
11777,175,233
11778,175,275
11779,175,277
11780,175,285
11781,175,287
11782,175,309
11783,175,310
11784,175,313
11785,175,328
11786,175,336
11787,175,346
11788,175,387
11789,175,406
11790,175,422
11791,175,446
11792,175,447
11793,175,485
11996,177,178
11997,177,289
11998,177,290
11999,178,20
12000,178,68
12001,178,175
12002,178,178
12003,178,366
12004,178,387
12005,178,434
12006,178,435
12007,178,439
12008,178,447
12215,179,180
12216,181,160
12217,181,182
12218,181,188
12220,182,10
12221,182,20
12222,182,22
12223,182,192
12224,182,240
12225,182,256
12226,182,259
12227,182,264
12228,182,301
12229,182,302
12230,182,314
12231,182,327
12232,182,336
12233,182,366
12234,182,397
12235,182,406
12236,182,417
12237,182,438
12238,182,440
12239,182,441
12240,182,452
12241,182,467
12330,183,184
12331,184,1
12332,184,147
12333,184,149
12334,184,158
12335,184,184
12336,184,206
12337,184,336
12360,185,186
12364,186,10
12365,186,65
12366,186,68
12367,186,97
12368,186,167
12369,186,182
12370,186,185
12371,186,186
12372,186,192
12373,186,207
12374,186,217
12375,186,240
12376,186,248
12377,186,264
12378,186,290
12379,186,292
12380,186,301
12381,186,332
12382,186,360
12383,186,366
12384,186,392
12385,186,406
12386,186,431
12387,186,433
12388,186,442
12389,186,467
12390,186,479
12556,187,8
12557,187,162
12558,187,313
12608,189,190
12609,191,192
12610,192,10
12611,192,22
12612,192,50
12613,192,55
12614,192,56
12615,192,63
12616,192,65
12617,192,68
12618,192,79
12619,192,83
12620,192,97
12621,192,99
12622,192,109
12623,192,146
12624,192,147
12625,192,158
12626,192,175
12627,192,182
12628,192,186
12629,192,192
12630,192,195
12631,192,202
12632,192,203
12633,192,206
12634,192,211
12635,192,240
12636,192,256
12637,192,283
12638,192,287
12639,192,289
12640,192,290
12641,192,301
12642,192,302
12643,192,314
12644,192,325
12645,192,333
12646,192,336
12647,192,337
12648,192,338
12649,192,366
12650,192,389
12651,192,406
12652,192,421
12653,192,422
12654,192,425
12655,192,435
12656,192,440
12657,192,452
12658,192,467
13464,193,52
13466,194,195
13467,195,1
13468,195,10
13469,195,44
13470,195,50
13471,195,56
13472,195,146
13473,195,147
13474,195,148
13475,195,149
13476,195,158
13477,195,175
13478,195,192
13479,195,195
13480,195,206
13481,195,285
13482,195,314
13483,195,336
13484,195,356
13485,195,406
13486,195,425
13487,195,440
13834,196,52
13838,197,52
13839,197,198
13840,199,81
13841,199,135
13842,199,137
13843,199,200
13844,199,215
13845,199,227
13846,199,230
13847,199,233
13848,199,289
13849,199,290
13850,199,304
13851,199,328
13852,199,372
13853,199,417
13854,199,431
13887,200,30
13888,200,104
13889,200,134
13890,200,135
13891,200,138
13892,200,175
13893,200,200
13894,200,215
13895,200,248
13896,200,364
13897,200,442
14062,201,160
14063,201,202
14064,201,203
14065,201,206
14066,202,10
14067,202,50
14068,202,63
14069,202,79
14070,202,192
14071,202,202
14072,202,203
14073,202,217
14074,202,251
14075,202,252
14076,202,275
14077,202,314
14078,202,333
14079,202,336
14080,202,356
14081,202,389
14082,202,406
14083,202,425
14084,202,440
14085,202,493
14413,203,63
14414,203,192
14415,203,202
14416,203,203
14417,203,251
14418,203,252
14419,203,275
14420,203,333
14421,203,425
14422,203,460
14423,203,465
14424,203,493
14714,204,205
14715,205,205
14716,206,1
14717,206,10
14718,206,146
14719,206,147
14720,206,149
14721,206,158
14722,206,175
14723,206,184
14724,206,206
14725,206,336
14726,206,406
14905,207,11
14906,207,20
14907,207,22
14908,207,65
14909,207,182
14910,207,186
14911,207,207
14912,207,259
14913,207,287
14914,207,299
14915,207,314
14916,207,326
14917,207,338
14918,207,347
14919,207,356
14920,207,392
14921,207,397
14922,207,424
14923,207,425
14924,207,433
14925,207,452
14926,207,457
15019,208,209
15020,209,192
15021,209,256
15022,209,314
15023,209,397
15024,209,440
15025,209,452
15026,209,457
15053,210,211
15054,211,175
15055,211,192
15056,211,211
15057,211,240
15058,211,327
15059,211,356
15060,211,440
15061,211,441
15226,212,52
15230,214,215
15231,215,81
15232,215,215
15233,215,373
15331,216,217
15332,217,187
15333,217,217
15334,218,219
15335,219,218
15336,219,219
15409,220,138
15412,221,222
15413,222,10
15414,222,19
15415,222,34
15416,222,35
15417,222,83
15418,222,187
15419,222,217
15420,222,222
15421,222,278
15422,222,283
15423,222,313
15424,222,379
15425,222,389
15426,222,404
15427,222,452
15428,222,455
15429,222,477
16004,223,224
16012,225,30
16013,225,104
16014,225,134
16015,225,135
16016,225,137
16017,225,211
16018,225,225
16019,225,226
16020,225,248
16021,225,288
16022,225,364
16023,225,431
16024,225,462
16129,226,225
16130,228,83
16131,229,81
16132,231,4
16133,231,5
16134,231,94
16138,232,3
16139,232,233
16140,232,347
16144,233,10
16145,233,41
16146,233,42
16147,233,134
16148,233,175
16149,233,233
16150,233,289
16151,233,290
16152,233,328
16153,233,372
16154,233,457
16239,234,235
16240,236,10
16241,236,236
16246,237,52
16247,237,175
16252,238,147
16253,238,333
16255,239,240
16256,240,34
16257,240,35
16258,240,49
16259,240,50
16260,240,68
16261,240,104
16262,240,120
16263,240,167
16264,240,182
16265,240,186
16266,240,192
16267,240,211
16268,240,217
16269,240,240
16270,240,248
16271,240,255
16272,240,261
16273,240,264
16274,240,289
16275,240,290
16276,240,301
16277,240,314
16278,240,332
16279,240,372
16280,240,387
16281,240,390
16282,240,392
16283,240,397
16284,240,406
16285,240,413
16286,240,435
16287,240,444
16288,240,452
16289,240,457
16290,240,467
16291,240,495
16900,241,83
16901,242,1
16902,242,20
16903,242,48
16904,242,63
16905,242,72
16906,242,81
16907,242,86
16908,242,107
16909,242,130
16910,242,135
16911,242,137
16912,242,146
16913,242,149
16914,242,151
16915,242,163
16916,242,182
16917,242,184
16918,242,192
16919,242,207
16920,242,209
16921,242,247
16922,242,250
16923,242,251
16924,242,252
16925,242,254
16926,242,256
16927,242,258
16928,242,259
16929,242,262
16930,242,264
16931,242,272
16932,242,273
16933,242,274
16934,242,275
16935,242,278
16936,242,280
16937,242,283
16938,242,289
16939,242,290
16940,242,299
16941,242,302
16942,242,305
16943,242,306
16944,242,307
16945,242,309
16946,242,310
16947,242,313
16948,242,314
16949,242,315
16950,242,326
16951,242,337
16952,242,338
16953,242,347
16954,242,352
16955,242,356
16956,242,406
16989,243,26
16990,243,59
16991,244,245
16992,246,30
16993,247,10
16994,247,247
16995,248,30
16996,248,104
16997,248,134
16998,248,248
16999,248,249
17000,248,314
17001,248,364
17002,248,450
17003,248,457
17029,249,248
17031,251,10
17032,251,63
17033,251,202
17034,251,203
17035,251,251
17036,251,252
17037,251,275
17038,251,316
17039,251,318
17040,251,425
17041,251,446
17042,251,457
17043,251,460
17044,251,464
17045,251,465
17046,251,493
17205,252,63
17206,252,65
17207,252,106
17208,252,147
17209,252,149
17210,252,158
17211,252,202
17212,252,203
17213,252,251
17214,252,252
17215,252,275
17216,252,314
17217,252,316
17218,252,318
17219,252,336
17220,252,406
17221,252,457
17222,252,465
17223,252,493
17492,253,254
17493,253,349
17501,254,104
17502,254,134
17503,254,254
17594,255,10
17595,255,22
17596,255,86
17597,255,186
17598,255,240
17599,255,255
17600,255,450
17652,256,11
17653,256,65
17654,256,86
17655,256,192
17656,256,209
17657,256,256
17658,256,259
17659,256,283
17660,256,299
17661,256,314
17662,256,333
17663,256,336
17664,256,349
17665,256,352
17666,256,360
17667,256,392
17668,256,439
17669,256,442
17670,256,444
17671,256,457
17672,256,497
17782,259,1
17783,259,11
17784,259,20
17785,259,126
17786,259,182
17787,259,207
17788,259,256
17789,259,259
17790,259,272
17791,259,314
17792,259,336
17793,259,356
17794,259,393
17795,259,397
17796,259,439
17797,259,440
17798,259,452
17799,259,457
17800,259,483
18010,260,261
18011,261,41
18012,261,68
18013,261,120
18014,261,240
18015,261,261
18016,261,301
18017,261,332
18018,261,333
18019,261,372
18020,261,373
18021,261,390
18022,261,446
18174,263,167
18175,264,104
18176,264,111
18177,264,182
18178,264,186
18179,264,192
18180,264,217
18181,264,240
18182,264,248
18183,264,264
18184,264,290
18185,264,292
18186,264,301
18187,264,314
18188,264,397
18189,264,440
18190,264,457
18191,264,467
18232,265,187
18233,266,267
18234,268,269
18235,269,269
18236,269,467
18330,270,271
18331,271,271
18332,272,259
18333,272,272
18334,272,290
18335,272,346
18336,272,447
18337,272,467
18466,273,273
18467,273,274
18468,273,446
18524,274,273
18525,274,274
18526,275,10
18527,275,175
18528,275,202
18529,275,203
18530,275,252
18531,275,275
18532,275,277
18533,275,279
18534,275,314
18535,275,360
18536,275,446
18537,275,493
18608,276,277
18609,276,279
18610,278,19
18611,278,34
18612,278,35
18613,278,54
18614,278,217
18615,278,222
18616,278,278
18617,278,313
18618,278,338
18619,278,379
18620,278,389
18621,278,425
18622,278,431
18623,278,455
18841,279,275
18842,279,277
18844,280,280
18851,281,282
18852,283,34
18853,283,35
18854,283,54
18855,283,192
18856,283,222
18857,283,256
18858,283,283
18859,283,313
18860,283,389
18861,283,397
18862,283,455
18987,284,285
18988,285,72
18989,285,99
18990,285,146
18991,285,158
18992,285,175
18993,285,195
18994,285,285
18995,285,336
18996,285,391
18997,285,392
18998,285,406
18999,285,422
19000,285,438
19104,286,287
19105,287,106
19106,287,140
19107,287,175
19108,287,207
19109,287,287
19110,287,301
19111,287,314
19112,287,326
19113,287,347
19114,287,349
19115,287,392
19116,287,433
19117,287,440
19118,287,446
19119,287,457
19315,288,225
19316,288,248
19317,288,450
19320,289,40
19321,289,41
19322,289,104
19323,289,192
19324,289,272
19325,289,289
19326,289,290
19327,289,304
19328,289,328
19329,289,372
19494,291,292
19495,292,5
19496,292,11
19497,292,15
19498,292,58
19499,292,107
19500,292,111
19501,292,186
19502,292,227
19503,292,256
19504,292,292
19505,292,314
19506,292,338
19507,292,349
19508,292,373
19509,292,397
19510,292,420
19511,292,441
19512,292,442
19513,292,446
19514,292,457
19515,292,461
19516,292,462
19517,292,487
19518,292,495
19748,293,294
19749,294,240
19750,294,328
19751,294,431
19794,295,296
19795,296,296
19796,296,314
19797,297,298
19798,298,41
19799,298,104
19800,298,135
19801,298,175
19802,298,240
19803,298,289
19804,298,290
19805,298,298
19806,298,417
19807,298,425
19808,298,446
19959,299,86
19960,299,167
19961,299,299
19962,299,314
19963,299,349
19964,299,356
19965,299,372
19966,299,397
19967,299,425
19968,299,452
19969,299,459
20110,300,301
20111,301,11
20112,301,34
20113,301,35
20114,301,37
20115,301,46
20116,301,68
20117,301,106
20118,301,126
20119,301,158
20120,301,167
20121,301,182
20122,301,186
20123,301,192
20124,301,217
20125,301,240
20126,301,261
20127,301,264
20128,301,287
20129,301,301
20130,301,302
20131,301,314
20132,301,372
20133,301,392
20134,301,397
20135,301,435
20136,301,444
20137,301,452
20138,301,457
20139,301,467
20140,301,468
20613,302,182
20614,302,192
20615,302,301
20616,302,302
20617,302,314
20618,302,433
20619,302,452
20620,302,457
20621,302,467
20650,303,207
20651,303,255
20653,304,40
20654,304,104
20655,304,135
20656,304,138
20657,304,289
20658,304,290
20659,304,304
20660,304,328
20661,304,372
20662,304,444
20663,304,446
20847,307,147
20848,307,306
20851,308,151
20852,308,309
20853,308,310
20854,309,10
20855,309,175
20856,309,309
20857,309,310
20858,309,483
20878,310,310
20879,311,312
20880,312,87
20881,312,104
20882,312,111
20883,312,182
20884,312,314
20885,312,358
20886,312,420
20887,312,457
20902,313,3
20903,313,10
20904,313,19
20905,313,34
20906,313,35
20907,313,83
20908,313,175
20909,313,217
20910,313,222
20911,313,278
20912,313,283
20913,313,313
20914,313,314
20915,313,379
20916,313,389
20917,313,392
20918,313,431
20919,313,446
20920,313,455
21145,314,3
21146,314,11
21147,314,20
21148,314,22
21149,314,34
21150,314,35
21151,314,56
21152,314,65
21153,314,68
21154,314,83
21155,314,86
21156,314,97
21157,314,106
21158,314,120
21159,314,140
21160,314,146
21161,314,149
21162,314,158
21163,314,160
21164,314,167
21165,314,182
21166,314,192
21167,314,195
21168,314,202
21169,314,207
21170,314,209
21171,314,240
21172,314,248
21173,314,252
21174,314,259
21175,314,264
21176,314,272
21177,314,275
21178,314,287
21179,314,292
21180,314,296
21181,314,299
21182,314,301
21183,314,302
21184,314,312
21185,314,314
21186,314,333
21187,314,336
21188,314,346
21189,314,349
21190,314,356
21191,314,372
21192,314,379
21193,314,392
21194,314,393
21195,314,397
21196,314,406
21197,314,417
21198,314,433
21199,314,435
21200,314,440
21201,314,441
21202,314,442
21203,314,447
21204,314,452
21205,314,455
21206,314,467
21207,314,479
21208,314,493
21209,314,495
21452,315,20
21453,315,178
21454,315,315
21455,315,346
21456,315,434
21457,315,447
21553,316,251
21554,316,252
21555,316,318
21560,317,318
21562,318,252
21563,318,314
21567,319,320
21568,321,320
21569,322,323
21570,324,323
21571,325,192
21572,325,202
21573,325,203
21574,325,333
21575,325,336
21576,325,422
21579,326,22
21580,326,68
21581,326,207
21582,326,287
21583,326,326
21584,326,347
21585,326,381
21586,326,390
21587,326,424
21588,326,433
21706,327,30
21707,327,97
21708,327,104
21709,327,134
21710,327,135
21711,327,182
21712,327,215
21713,327,217
21714,327,240
21715,327,248
21716,327,328
21717,327,372
21718,327,406
21719,327,435
21720,327,440
21721,327,457
21722,327,467
21753,328,10
21754,328,30
21755,328,97
21756,328,104
21757,328,134
21758,328,135
21759,328,136
21760,328,175
21761,328,200
21762,328,211
21763,328,233
21764,328,248
21765,328,289
21766,328,290
21767,328,294
21768,328,304
21769,328,327
21770,328,328
21771,328,364
21964,329,330
21965,330,5
21966,330,171
21967,330,330
21971,331,332
21972,332,68
21973,332,104
21974,332,120
21975,332,134
21976,332,240
21977,332,248
21978,332,261
21979,332,323
21980,332,331
21981,332,332
21982,332,372
21983,332,373
21984,332,390
21985,332,413
21986,332,431
21987,332,446
22140,333,1
22141,333,10
22142,333,11
22143,333,44
22144,333,50
22145,333,56
22146,333,99
22147,333,106
22148,333,146
22149,333,147
22150,333,158
22151,333,192
22152,333,195
22153,333,202
22154,333,238
22155,333,240
22156,333,256
22157,333,261
22158,333,314
22159,333,325
22160,333,333
22161,333,336
22162,333,337
22163,333,406
22164,333,422
22165,333,439
22166,333,457
22167,333,469
22501,334,335
22508,336,1
22509,336,10
22510,336,11
22511,336,50
22512,336,56
22513,336,79
22514,336,99
22515,336,106
22516,336,126
22517,336,146
22518,336,147
22519,336,149
22520,336,158
22521,336,175
22522,336,182
22523,336,192
22524,336,195
22525,336,202
22526,336,203
22527,336,206
22528,336,252
22529,336,256
22530,336,259
22531,336,285
22532,336,314
22533,336,325
22534,336,333
22535,336,336
22536,336,337
22537,336,397
22538,336,406
22539,336,422
22540,336,425
22541,336,438
22542,336,452
22543,336,457
22544,336,497
22847,337,106
22848,337,192
22849,337,333
22850,337,336
22851,337,337
22852,337,397
22853,337,440
22854,337,446
22974,338,34
22975,338,35
22976,338,107
22977,338,111
22978,338,138
22979,338,192
22980,338,207
22981,338,256
22982,338,278
22983,338,292
22984,338,309
22985,338,310
23010,339,340
23011,341,342
23012,343,344
23013,344,58
23014,344,256
23015,344,344
23021,345,346
23022,346,20
23023,346,240
23024,346,272
23025,346,346
23026,346,435
23027,346,439
23028,346,447
23259,347,207
23260,347,287
23261,347,326
23262,347,347
23291,348,349
23292,349,34
23293,349,35
23294,349,192
23295,349,256
23296,349,287
23297,349,292
23298,349,314
23299,349,349
23300,349,356
23301,349,433
23329,350,167
23332,351,336
23340,353,353
23341,354,355
23342,355,4
23343,355,5
23344,355,355
23372,356,32
23373,356,68
23374,356,83
23375,356,147
23376,356,195
23377,356,202
23378,356,203
23379,356,207
23380,356,211
23381,356,248
23382,356,278
23383,356,287
23384,356,299
23385,356,314
23386,356,326
23387,356,336
23388,356,347
23389,356,349
23390,356,356
23391,356,390
23392,356,392
23393,356,452
23394,356,462
23734,357,358
23735,358,22
23736,358,312
23737,358,358
23738,358,389
23750,359,360
23751,360,256
23752,360,275
23753,360,314
23754,360,397
23755,360,452
23779,361,362
23780,363,364
23781,363,431
23783,364,30
23784,364,135
23785,364,138
23786,364,200
23787,364,225
23788,364,248
23789,364,328
23790,364,364
23791,364,431
23792,364,450
23931,365,366
23932,366,10
23933,366,109
23934,366,178
23935,366,182
23936,366,186
23937,366,192
23938,366,211
23939,366,366
23940,366,452
24122,367,366
24123,368,366
24124,369,366
24125,370,366
24126,371,366
24127,372,24
24128,372,71
24129,372,104
24130,372,120
24131,372,134
24132,372,135
24133,372,167
24134,372,227
24135,372,233
24136,372,240
24137,372,261
24138,372,289
24139,372,290
24140,372,299
24141,372,301
24142,372,304
24143,372,314
24144,372,327
24145,372,332
24146,372,372
24147,372,373
24148,372,390
24149,372,397
24150,372,400
24151,372,431
24152,372,444
24153,372,446
24154,372,452
24432,373,26
24433,373,59
24434,373,104
24435,373,134
24436,373,135
24437,373,211
24438,373,215
24439,373,261
24440,373,292
24441,373,294
24442,373,298
24443,373,310
24444,373,332
24445,373,372
24446,373,417
24447,373,431
24448,373,440
24481,374,366
24482,375,376
24488,377,366
24489,378,233
24490,379,19
24491,379,222
24492,379,278
24493,379,283
24494,379,313
24495,379,379
24496,379,380
24497,379,385
24498,379,389
24499,379,401
24500,379,404
24632,380,379
24637,381,326
24638,382,383
24639,384,366
24640,385,8
24641,385,19
24642,385,54
24643,385,83
24644,385,283
24645,385,379
24646,385,385
24647,385,455
24708,386,68
24709,386,387
24710,386,390
24711,387,68
24712,387,175
24713,387,178
24714,387,240
24715,387,356
24716,387,387
24717,387,390
24718,387,431
24786,388,3
24787,388,389
24788,388,425
24789,388,457
24790,388,466
24791,388,467
24971,389,3
24972,389,19
24973,389,34
24974,389,35
24975,389,63
24976,389,83
24977,389,192
24978,389,202
24979,389,203
24980,389,222
24981,389,240
24982,389,278
24983,389,283
24984,389,313
24985,389,358
24986,389,379
24987,389,388
24988,389,389
24989,389,404
24990,389,477
25325,390,72
25326,390,240
25327,390,261
25328,390,298
25329,390,326
25330,390,356
25331,390,372
25332,390,387
25333,390,390
25334,390,400
25335,390,417
25336,390,431
25337,390,440
25338,390,494
25529,391,32
25530,391,285
25531,391,392
25542,392,1
25543,392,34
25544,392,35
25545,392,87
25546,392,126
25547,392,167
25548,392,186
25549,392,192
25550,392,217
25551,392,240
25552,392,256
25553,392,285
25554,392,287
25555,392,301
25556,392,314
25557,392,356
25558,392,392
25559,392,397
25560,392,406
25561,392,433
25562,392,440
25563,392,452
25564,392,457
25565,392,467
25619,393,259
25620,393,272
25621,393,314
25622,393,346
25623,393,393
25624,393,394
25625,393,395
25626,393,446
25627,393,498
25839,394,393
25840,396,397
25841,397,1
25842,397,15
25843,397,20
25844,397,22
25845,397,68
25846,397,83
25847,397,126
25848,397,167
25849,397,182
25850,397,192
25851,397,207
25852,397,209
25853,397,240
25854,397,259
25855,397,261
25856,397,292
25857,397,299
25858,397,314
25859,397,336
25860,397,337
25861,397,396
25862,397,397
25863,397,420
25864,397,425
25865,397,441
25866,397,452
25867,397,457
25868,397,479
25869,397,481
25870,397,493
26062,398,399
26064,399,398
26065,399,399
26089,400,372
26090,400,390
26094,401,379
26097,402,58
26098,402,403
26104,403,402
26105,403,403
26126,404,222
26127,404,379
26128,404,389
26130,405,406
26131,406,1
26132,406,20
26133,406,30
26134,406,50
26135,406,56
26136,406,79
26137,406,99
26138,406,106
26139,406,146
26140,406,147
26141,406,149
26142,406,158
26143,406,175
26144,406,182
26145,406,186
26146,406,192
26147,406,195
26148,406,202
26149,406,203
26150,406,206
26151,406,217
26152,406,240
26153,406,285
26154,406,301
26155,406,314
26156,406,333
26157,406,336
26158,406,406
26159,406,410
26160,406,435
26161,406,440
26162,406,452
26615,407,408
26616,408,102
26617,408,407
26746,409,328
26749,410,406
26752,411,376
26753,412,163
26754,413,240
26755,413,332
26757,414,415
26760,415,87
26764,416,417
26765,417,10
26766,417,41
26767,417,182
26768,417,255
26769,417,298
26770,417,373
26771,417,390
26772,417,417
27023,418,344
27025,419,420
27026,420,420
27027,421,56
27028,421,79
27029,421,192
27030,421,422
27032,422,1
27033,422,56
27034,422,79
27035,422,146
27036,422,147
27037,422,148
27038,422,149
27039,422,175
27040,422,192
27041,422,285
27042,422,314
27043,422,333
27044,422,336
27045,422,421
27046,422,422
27219,423,424
27220,424,287
27221,424,326
27222,424,424
27271,425,3
27272,425,37
27273,425,46
27274,425,50
27275,425,56
27276,425,68
27277,425,79
27278,425,81
27279,425,83
27280,425,97
27281,425,126
27282,425,147
27283,425,158
27284,425,178
27285,425,192
27286,425,195
27287,425,202
27288,425,203
27289,425,225
27290,425,240
27291,425,251
27292,425,283
27293,425,285
27294,425,287
27295,425,289
27296,425,290
27297,425,294
27298,425,298
27299,425,299
27300,425,301
27301,425,304
27302,425,315
27303,425,326
27304,425,332
27305,425,333
27306,425,337
27307,425,372
27308,425,388
27309,425,390
27310,425,406
27311,425,425
27312,425,433
27313,425,439
27314,425,444
27315,425,455
27316,425,459
27317,425,489
27318,425,493
27527,426,427
27533,428,312
27534,429,430
27535,430,26
27536,430,59
27542,431,41
27543,431,58
27544,431,68
27545,431,130
27546,431,134
27547,431,135
27548,431,137
27549,431,186
27550,431,225
27551,431,240
27552,431,261
27553,431,278
27554,431,294
27555,431,313
27556,431,332
27557,431,363
27558,431,364
27559,431,372
27560,431,373
27561,431,390
27562,431,431
27563,431,442
27564,431,444
27565,431,446
27806,432,433
27809,433,22
27810,433,34
27811,433,35
27812,433,207
27813,433,287
27814,433,314
27815,433,326
27816,433,349
27817,433,392
27818,433,432
27819,433,433
27820,433,440
27821,433,467
28009,434,65
28010,434,315
28011,434,346
28012,434,435
28013,434,447
28023,435,20
28024,435,178
28025,435,182
28026,435,240
28027,435,301
28028,435,302
28029,435,315
28030,435,327
28031,435,346
28032,435,406
28033,435,434
28034,435,435
28035,435,439
28036,435,440
28037,435,447
28038,435,467
28193,436,302
28194,437,438
28195,438,65
28196,438,149
28197,438,182
28198,438,336
28199,438,439
28200,438,497
28223,439,20
28224,439,34
28225,439,35
28226,439,178
28227,439,256
28228,439,259
28229,439,315
28230,439,333
28231,439,346
28232,439,435
28233,439,439
28234,439,440
28235,439,447
28456,440,20
28457,440,34
28458,440,35
28459,440,68
28460,440,97
28461,440,195
28462,440,202
28463,440,211
28464,440,264
28465,440,302
28466,440,314
28467,440,327
28468,440,328
28469,440,337
28470,440,373
28471,440,392
28472,440,406
28473,440,457
28474,440,467
28475,440,479
28667,441,58
28668,441,87
28669,441,107
28670,441,111
28671,441,182
28672,441,211
28673,441,256
28674,441,264
28675,441,292
28676,441,314
28677,441,356
28678,441,360
28679,441,397
28680,441,441
28681,441,442
28682,441,452
28683,441,457
28684,441,467
28812,442,58
28813,442,107
28814,442,136
28815,442,186
28816,442,200
28817,442,217
28818,442,256
28819,442,292
28820,442,314
28821,442,441
28822,442,442
28856,443,444
28857,444,46
28858,444,240
28859,444,256
28860,444,301
28861,444,304
28862,444,314
28863,444,372
28864,444,431
28865,444,443
28866,444,444
28867,444,459
28951,445,130
28952,446,1
28953,446,5
28954,446,10
28955,446,22
28956,446,30
28957,446,32
28958,446,50
28959,446,56
28960,446,59
28961,446,68
28962,446,71
28963,446,83
28964,446,106
28965,446,134
28966,446,136
28967,446,137
28968,446,146
28969,446,147
28970,446,175
28971,446,200
28972,446,251
28973,446,261
28974,446,272
28975,446,273
28976,446,275
28977,446,287
28978,446,292
28979,446,298
28980,446,304
28981,446,313
28982,446,328
28983,446,332
28984,446,336
28985,446,360
28986,446,372
28987,446,390
28988,446,393
28989,446,397
28990,446,417
28991,446,431
28992,446,447
28993,446,489
29168,447,20
29169,447,175
29170,447,272
29171,447,314
29172,447,315
29173,447,346
29174,447,434
29175,447,435
29176,447,439
29177,447,447
29295,448,240
29296,449,450
29297,450,136
29298,450,225
29299,450,248
29300,450,255
29301,450,288
29302,450,328
29303,450,364
29304,450,449
29305,450,450
29422,451,452
29424,452,20
29425,452,97
29426,452,126
29427,452,167
29428,452,182
29429,452,192
29430,452,222
29431,452,240
29432,452,256
29433,452,259
29434,452,292
29435,452,301
29436,452,302
29437,452,336
29438,452,352
29439,452,360
29440,452,366
29441,452,392
29442,452,397
29443,452,406
29444,452,441
29445,452,452
29446,452,457
29447,452,462
29448,452,467
29449,452,479
29450,452,497
29558,453,454
29559,455,34
29560,455,35
29561,455,54
29562,455,83
29563,455,182
29564,455,217
29565,455,222
29566,455,278
29567,455,283
29568,455,313
29569,455,314
29570,455,389
29571,455,401
29572,455,455
29573,455,462
29574,455,470
29841,456,457
29844,457,1
29845,457,10
29846,457,20
29847,457,34
29848,457,35
29849,457,126
29850,457,167
29851,457,186
29852,457,195
29853,457,207
29854,457,209
29855,457,233
29856,457,251
29857,457,252
29858,457,256
29859,457,259
29860,457,264
29861,457,287
29862,457,301
29863,457,302
29864,457,333
29865,457,336
29866,457,388
29867,457,392
29868,457,397
29869,457,440
29870,457,441
29871,457,452
29872,457,456
29873,457,457
29874,457,467
30055,458,459
30056,459,167
30057,459,299
30058,459,444
30059,459,458
30060,459,459
30150,460,202
30151,460,203
30152,460,251
30153,461,79
30154,461,292
30155,461,462
30156,462,111
30157,462,186
30158,462,292
30159,462,356
30160,462,420
30161,462,452
30162,462,455
30163,462,467
30184,463,464
30185,463,465
30186,464,251
30187,464,465
30188,465,251
30189,465,252
30190,465,318
30191,465,465
30196,466,34
30197,466,66
30198,466,211
30199,466,272
30200,466,392
30201,466,433
30202,466,440
30203,466,467
30204,466,479
30219,467,10
30220,467,34
30221,467,65
30222,467,66
30223,467,68
30224,467,79
30225,467,97
30226,467,126
30227,467,158
30228,467,167
30229,467,171
30230,467,186
30231,467,211
30232,467,217
30233,467,240
30234,467,252
30235,467,264
30236,467,269
30237,467,272
30238,467,301
30239,467,314
30240,467,326
30241,467,327
30242,467,337
30243,467,349
30244,467,388
30245,467,397
30246,467,433
30247,467,435
30248,467,439
30249,467,440
30250,467,466
30251,467,467
30252,467,479
30253,467,495
30254,467,497
30617,468,167
30619,469,192
30620,469,333
30621,469,337
30625,470,455
30626,471,63
30627,472,473
30632,474,467
30633,475,259
30634,476,477
30636,477,83
30637,477,389
30638,477,476
30639,477,477
30698,478,264
30699,478,479
30701,479,186
30702,479,440
30703,479,452
30704,479,479
30709,480,481
30712,481,256
30713,481,397
30714,481,481
30772,482,298
30773,483,259
30774,483,309
30775,483,310
30776,483,483
30785,484,485
30786,485,10
30787,485,97
30788,485,175
30789,485,485
30905,486,202
30906,486,203
30907,486,206
30908,487,292
30909,488,163
30910,488,209
30911,488,340
30912,488,489
30913,489,356
30914,489,425
30915,489,489
30928,490,491
30929,491,491
30931,492,493
30932,493,10
30933,493,20
30934,493,63
30935,493,149
30936,493,192
30937,493,202
30938,493,203
30939,493,252
30940,493,314
30941,493,406
30942,493,492
30943,493,493
31196,494,390
31197,495,65
31198,495,66
31199,495,217
31200,495,240
31201,495,292
31202,495,314
31203,495,467
31211,496,497
31212,497,136
31213,497,256
31214,497,336
31215,497,452
31216,497,455
31217,497,457
31218,497,496
31219,497,497
